{"cameraMode":{"drawMode":0,"name":"Shaded","section":"Shading Mode"},"sceneLighting":true,"audioPlay":false,"sceneViewState":{"m_AlwaysRefresh":false,"showFog":true,"showSkybox":true,"showFlares":true,"showImageEffects":true,"showParticleSystems":true,"showVisualEffectGraphs":true,"m_FxEnabled":true},"in2DMode":false,"pivot":{"x":-0.5026871562004089,"y":227.6422882080078,"z":-132.67483520507813},"rotation":{"x":0.4980805516242981,"y":-0.006503676529973745,"z":0.0037350179627537729,"w":0.8671042323112488},"size":7.6995463371276859,"orthographic":true}